benchmark,brand
"16,988",TITAN V CEO Edition
"16,795",GeForce RTX 2080 Ti
"16,529",TITAN RTX
"15,591",GeForce RTX 2080
"15,100",TITAN Xp COLLECTORS EDITION
"14,952",TITAN V
"14,916",Quadro RTX 6000
"14,571",GeForce RTX 2070 SUPER
"14,387",NVIDIA TITAN Xp
"14,261",GeForce GTX 1080 Ti
"14,215",Radeon VII
"14,178",GeForce RTX 2070
"14,034",GeForce RTX 2080 (Mobile)
"13,665",NVIDIA TITAN X
"13,556",Quadro P6000
"13,340",Quadro RTX 4000
"13,307",Radeon RX 5700 XT
"13,077",Quadro RTX 5000
"13,004",GeForce RTX 2080 with Max-Q Design
"12,932",GeForce RTX 2060
"12,817",Quadro GP100
"12,699",Quadro GV100
"12,554",GeForce RTX 2060 SUPER
"12,449",GeForce GTX 1080
"12,331",GeForce GTX 1070 Ti
"12,276",Quadro RTX 8000
"12,227",Radeon RX 5700
"12,001",Radeon RX 5700 XT 50th Anniversary
"11,950",Radeon Pro Vega 56
"11,932",Radeon RX Vega 64
"11,880",Radeon RX Vega 56
"11,468",GeForce GTX 1660 Ti
"11,456",Radeon Pro Vega 64
"11,435",GeForce RTX 2070 with Max-Q Design
"11,399",GeForce GTX 980 Ti
"11,353",GeForce GTX 1070
"11,110",Radeon Vega Frontier Edition
"11,076",Quadro P5200 with Max-Q Design
"10,926",Radeon PRO WX 8200
"10,864",GeForce RTX 2060 (Mobile)
"10,705",GeForce GTX 1660
"10,699",GeForce GTX TITAN X
"10,681",Radeon Pro WX 9100
"10,612",Quadro P4200 with Max-Q Design
"10,561",GeForce RTX 2070 (Mobile)
"10,535",Radeon Pro SSG
"10,469",Quadro P4000
"10,231",GeForce GTX 1080 with Max-Q Design
"10,166",Quadro P4200
"10,135",Quadro P5000
"10,063",GeForce GTX 1660 Ti (Mobile)
"10,034",Quadro M6000 24GB
"9,655",GeForce GTX 980
"9,508",GeForce GTX 1070 with Max-Q Design
"9,481",Quadro P5200
"9,438",GeForce GTX 1070 (Mobile)
"9,434",Radeon Pro Duo
"9,386",Quadro M6000
"9,351",Radeon RX 590
"9,154",Radeon R9 Fury
"9,096",GeForce GTX 1060
"9,083",Quadro P4000 with Max-Q Design
"8,982",GeForce GTX 1060 3GB
"8,883",GeForce GTX 780 Ti
"8,640",GeForce GTX TITAN Black
"8,634",GeForce GTX 970
"8,594",Quadro P3200 with Max-Q Design
"8,522",Quadro M5000
"8,512",Radeon R9 390X
"8,485",Radeon RX 580
"8,463",Radeon R9 Fury + Fury X
"8,426",GeForce GTX 1660 Ti with Max-Q Design
"8,414",Radeon RX 580 2048SP
"8,253",Quadro P3200
"8,134",Radeon RX 480
"8,094",Radeon R9 390
"7,966",Radeon Pro WX 7100
"7,961",GeForce GTX 780
"7,947",GeForce GTX Titan
"7,929",Quadro T2000
"7,915",Quadro M5500
"7,866",GeForce GTX 1060 (Mobile)
"7,856",GeForce GTX 1060 with Max-Q Design
"7,776",Radeon R9 295X2
"7,753",Radeon Pro 580
"7,702",Tesla M60
"7,694",GeForce GTX TITAN Z
"7,679",GeForce GTX 1650
"7,670",Radeon RX 470
"7,570",FirePro W8100 Graphic Adapter
"7,454",Quadro K6000
"7,442",Radeon R9 290X / 390X
"7,314",GeForce GTX 1650 (Mobile)
"7,270",Quadro P2000
"7,225",Tesla P100-PCIE-16GB
"7,189",FirePro W9100
"7,144",Radeon R9 290 / 390
"7,005",Radeon RX Vega M GH
"6,892",Radeon RX 570
"6,662",Quadro M4000
"6,377",Radeon Pro Vega 20
"6,337",Radeon Pro 570
"6,211",Radeon R9 380X
"6,156",GeForce GTX 1060 5GB
"6,146",Radeon R9 380
"6,094",Quadro K5200
"6,086",FirePro W8100
"6,067",GeForce GTX 770
"6,049",Radeon Pro WX Vega M GL
"6,028",GeForce GTX 1050 Ti
"5,948",GeForce GTX 980M
"5,925",GeForce GTX 1050 Ti (Mobile)
"5,904",GRID M60-2Q
"5,877",Quadro P3000
"5,844",Radeon R9 280X
"5,822",GeForce GTX 960
"5,782",Radeon R9 M395X
"5,782",GeForce GTX 1050 Ti with Max-Q Design
"5,756",Device
"5,694",Quadro M5000M
"5,669",GeForce GTX 680
"5,610",Radeon Pro WX 5100
"5,554",FirePro W7100 Adapter
"5,551",Radeon R9 285 / 380
"5,548",Radeon HD 7990
"5,397",FirePro W7100
"5,391",GeForce GTX 690
"5,380",Radeon R9 280
"5,364",GeForce GTX 670
"5,304",FirePro W9000
"5,276",Quadro P2000 with Max-Q Design
"5,248",Radeon HD 7970 / R9 280X
"5,236",GeForce GTX 950
"5,232",FirePro S10000
"5,217",Radeon RX Vega M GL
"5,150",Radeon R9 M295X
"5,119",GeForce GTX 760 Ti
"5,059",FirePro S9000
"5,022",Radeon R9 M395
"5,019",GeForce GTX 580
"5,018",GeForce GTX 1650 with Max-Q Design
"5,000",Radeon HD 8990
"4,939",GeForce GTX 760
"4,889",Radeon Sky 500
"4,767",Quadro M4000M
"4,764",Radeon HD 7950 / R9 280
"4,752",FirePro W8000 Adapter
"4,726",GeForce GTX 1050
"4,722",GeForce GTX 760 Ti OEM
"4,722",Radeon R9 370
"4,694",Radeon R9 270X
"4,680",GRID M60-1Q
"4,659",GeForce GTX 660 Ti
"4,639",Radeon R7 370
"4,628",FirePro W8000
"4,579",FirePro W7170M
"4,503",Quadro M3000M
"4,469",Radeon HD 7870 XT
"4,467",Quadro K4200
"4,453",GeForce GTX 1050 (Mobile)
"4,429",GRID P6-4Q
"4,416",GeForce GTX 570
"4,401",Quadro P1000
"4,384",GRID K520
"4,381",Radeon HD 7870
"4,360",GeForce GTX 480
"4,357",Radeon R9 M390X
"4,339",Radeon RX 560
"4,332",Radeon RX 460
"4,332",FirePro W7000
"4,319",Barco MXRT 7500
"4,277",Quadro M2000
"4,275",GeForce GTX 680MX
"4,261",Radeon R9 270 / R7 370
"4,218",GeForce GTX 590
"4,210",GeForce GTX 970M
"4,167",GeForce GTX 775M
"4,166",FirePro S7000
"4,130",GeForce GTX 660
"4,085",FirePro W7000 Adapter
"4,035",Radeon R9 M290X
"4,021",GeForce GTX 780M
"4,016",Quadro K5000
"4,000",Radeon Pro WX 4100
"3,953",Radeon Pro WX4100
"3,884",GRID M60-8Q
"3,876",Radeon HD 8970M
"3,846",Radeon HD 7850
"3,801",GeForce GTX 1050 with Max-Q Design
"3,799",Radeon HD 7970M
"3,773",GRID K2
"3,760",Quadro RTX 3000
"3,760",GeForce GTX 750 Ti
"3,718",GeForce GTX 880M
"3,706",Quadro P620
"3,613",Quadro M2200
"3,601",GeForce GTX 470
"3,591",Quadro K2200
"3,563",Radeon R9 M470X
"3,553",RX 560X
"3,537",GeForce GTX 650 Ti BOOST
"3,529",GeForce GTX 560 Ti
"3,529",Quadro 6000
"3,523",Radeon HD 6970
"3,515",Tesla C2050
"3,475",Radeon Pro 560
"3,453",Radeon Pro 460
"3,444",Radeon RX 550
"3,428",Tesla C2050 / C2070
"3,369",Radeon HD8970M
"3,367",FirePro M6100 FireGL V
"3,364",Tesla C2075
"3,348",GeForce GTX 680M
"3,330",Radeon Pro WX 3100
"3,320",GeForce GTX 750
"3,314",Radeon R7 360
"3,275",Tesla C2070
"3,242",GeForce GTX 965M
"3,217",Radeon HD 6950
"3,209",Radeon Pro WX 4150
"3,194",Quadro P600
"3,189",GRID M60-4Q
"3,174",Radeon R7 260X
"3,162",FirePro V7000 Adapter
"3,141",Radeon Pro 555
"3,118",GeForce GTX 560
"3,113",Radeon Pro 455
"3,105",Quadro K5100M
"3,101",Radeon R9 M380
"3,084",FirePro W5000
"3,082",Radeon HD 7790
"3,069",Radeon HD 8950
"3,053",Quadro M1200
"3,041",Quadro K1200
"3,032",Radeon R9 360
"3,018",Radeon R9 260
"3,012",FirePro W5100
"2,968",FirePro M6100
"2,947",GeForce GTX 465
"2,941",GRID K260Q
"2,909",FirePro W4300
"2,908",Quadro M2000M
"2,892",Radeon R7 260
"2,883",Quadro K4000
"2,866",Radeon Pro WX 4130
"2,859",Radeon HD 6990
"2,855",Quadro 5000
"2,812",FirePro 3D V9800
"2,800",Quadro M620
"2,762",FirePro V9800 Adapter
"2,756",Quadro K2200M
"2,739",FirePro V7900
"2,723",Radeon Pro 450
"2,660",GeForce GTX 650 Ti
"2,658",GeForce GTX 770M
"2,654",GeForce GTX 460
"2,640",GeForce MX250
"2,627",Quadro K5000M
"2,622",Radeon HD 5870
"2,615",Radeon HD 6870
"2,602",Radeon HD 5970
"2,600",Quadro K4100M
"2,488",GeForce GTX 460 v2
"2,456",GeForce GTX 675MX
"2,449",GeForce GTX 870M
"2,438",FirePro 3D V8800
"2,435",Radeon R9 M470
"2,401",GeForce GTX 485M
"2,385",Quadro M1000M
"2,359",GRID K280Q
"2,359",GeForce GTX 960A
"2,355",GeForce GTX 960M
"2,340",Radeon RX 540
"2,335",Quadro K620
"2,292",Radeon HD 6850
"2,282",Radeon HD 5850
"2,281",Radeon RX Vega 11
"2,279",GeForce GTX 580M
"2,270",Radeon HD 6970M
"2,269",Radeon R7 250X
"2,258",GeForce GTX 460 SE
"2,251",GeForce GT 645
"2,245",GeForce GT 1030
"2,238",Quadro K4000M
"2,236",Radeon R9 350
"2,228",Radeon Pro WX 2100
"2,222",Radeon HD 7770
"2,203",GeForce MX150
"2,196",Radeon R7 450
"2,192",GeForce GTX 745
"2,192",GeForce GTX 560 SE
"2,191",Firepro W5170M
"2,185",RadeonT R7 450
"2,154",GeForce GTX 555
"2,148",Radeon TM R9 A360
"2,148",GeForce GTX 675M
"2,146",Intel Iris Pro P580
"2,144",GRID K240Q
"2,142",GeForce MX230
"2,103",FirePro M5100
"2,087",Radeon R9 M375X
"2,077",GeForce GTX 670MX
"2,073",Quadro K3100M
"2,060",Quadro 5000M
"2,057",Radeon R7 M465X
"2,055",Radeon R9 M360
"2,054",Radeon HD 5830
"2,049",Quadro 4000
"2,046",Radeon HD 6790
"2,040",GeForce GTX 480M
"2,025",GRID M10-1B
"2,024",GeForce GTX 570M
"1,996",Embedded Radeon E9173
"1,982",Radeon R7 + R7 350 Dual
"1,978",Matrox C680 PCIe x16
"1,965",Intel Iris Plus 655
"1,962",Radeon R7 + HD 7700 Dual
"1,962",Radeon HD 6900M
"1,962",Intel Iris Plus
"1,958",Radeon HD 7660D + HD 7700 Dual
"1,954",GeForce GTX 860M
"1,950",GeForce MX130
"1,950",GeForce GTX 470M
"1,948",GeForce GTX 670M
"1,941",GeForce GTX 645
"1,937",Radeon R9 M370X
"1,932",Quadro M600M
"1,923",GeForce GTX 550 Ti
"1,911",GeForce GTX 950M
"1,904",Radeon Vega 10
"1,889",GeForce GTX 765M
"1,877",Intel Iris Pro 580
"1,836",GeForce GTX 650
"1,835",Radeon HD 8570D + HD 7700 Dual
"1,826",MxGPU
"1,812",Matrox C900 PCIe x16
"1,810",Quadro 5010M
"1,810",RadeonT RX 560X
"1,810",FirePro 3D V7800
"1,806",Radeon R9 255
"1,800",Radeon HD 8870M / R9 M270X / M370X
"1,794",Quadro 4000M
"1,789",Radeon HD 8670D + 7700 Dual
"1,780",Radeon R7 FX-9830P RADEON
"1,764",Radeon RX Vega 8
"1,756",Quadro K3000M
"1,735",Radeon Vega 8
"1,735",FirePro W600
"1,727",FirePro M6000 Mobility Pro
"1,722",Quadro K2000
"1,712",Radeon HD 5770
"1,709",Radeon HD 7750
"1,704",FirePro M4000 Mobility Pro
"1,695",Radeon RX Vega 10
"1,685",Radeon HD 6770
"1,684",GeForce GTX 950A
"1,680",Quadro P500
"1,676",Quadro K2000D
"1,674",FirePro W4100 Adapter
"1,654",DameWare Development Mirror Driver 64-bit
"1,646",Radeon Vega 8 Mobile
"1,638",Radeon HD 8870M
"1,635",GeForce GTX 850M
"1,632",Radeon Vega 10 Mobile
"1,629",FirePro W5130M
"1,619",FirePro M4000
"1,617",Ryzen 7 2700U with Radeon Vega
"1,610",Radeon 540
"1,608",GeForce MX110
"1,606",Intel Iris 550
"1,603",Radeon Vega 6
"1,601",FirePro W4100
"1,598",GeForce GT 755M
"1,593",Quadro P400
"1,592",Quadro M520
"1,577",Radeon E8860
"1,573",Intel Iris Plus 650
"1,570",GeForce GT 740
"1,556",GeForce GTS 450
"1,545",Radeon HD 8470D + HD 7500 Dual
"1,544",GeForce GTX 560M
"1,543",Radeon HD 4890
"1,542",Intel Iris Pro Graphics 6200
"1,531",FirePro V5900
"1,528",15DD
"1,524",Radeon R9 M275X / M375
"1,507",Radeon HD 7870M
"1,504",GeForce 945M
"1,503",Ryzen 5 2500U with Radeon Vega
"1,485",Radeon HD 7660D + HD 6670 Dual
"1,484",FirePro 3D V5800
"1,463","Radeon R5 A10-9630P RADEON R5, 10 COMPUTE CORES 4C"
"1,461",Quadro 3000M
"1,452",Radeon HD 5750
"1,445",GeForce GTX 660M
"1,433",GeForce GTX 760M
"1,429",Radeon HD 7730
"1,426",Radeon HD 7560D + 7670 Dual
"1,419",Radeon R7 430
"1,418",Radeon R9 M270X
"1,418",Radeon R7 M370
"1,411",Intel Iris Plus 640
"1,405",Radeon R7 250
"1,394",GeForce GTX 460M
"1,386",FirePro W4170M
"1,382",Intel HD P630
"1,382",Radeon HD 4870
"1,376",Radeon R7 PRO A12-8870
"1,373",Radeon HD 7850M
"1,368",Radeon R7 PRO A10-9700
"1,364",FirePro M40003
"1,362",GeForce 940MX
"1,361",Radeon HD 8670D + 6670 Dual
"1,347",Radeon HD 7560D + HD 7700 Dual
"1,344",Intel Iris 540
"1,341",FireStream 9270
"1,336",Radeon R7 PRO A12-9800
"1,335",Quadro K2100M
"1,320",Radeon R7 PRO A10-8770
"1,317",Quadro 2000
"1,317",Radeon HD 6750
"1,315",Intel UHD
"1,314",FirePro M5950
"1,313",Radeon HD 8790M
"1,309",Radeon HD 4870 X2
"1,306",Radeon R7 M465
"1,302",FirePro V4900
"1,301",Radeon 535
"1,298",Firepro W4190M
"1,296",GeForce GT 750M
"1,294",Radeon R9 M265X
"1,293",GeForce GT 545
"1,285",Radeon R7 + R7 200 Dual
"1,283",Quadro 2000D
"1,281",GeForce GTX 760A
"1,281",Radeon R7 A370
"1,281",GeForce GT 640
"1,273",GeForce GTX 285
"1,272",FirePro 3D V8750
"1,261",Radeon R7 M350
"1,261",Radeon HD 8570D + HD 6670 Dual
"1,249",Mobility Radeon HD 5870
"1,245",GeForce GTX 275
"1,239",Quadro 2000 D
"1,239",Radeon R9 M375
"1,239",Radeon HD 8570D + 6570 Dual
"1,238",Radeon HD 7660D + 6670 Dual
"1,237",Radeon HD 8790M / R9 M290X
"1,234",GeForce 930MX
"1,234",GeForce GT 650M
"1,230",Intel UHD P630
"1,226",Radeon R7 A12-9800 RADEON
"1,222",Radeon HD 8670D + HD 6670 Dual
"1,217",GeForce 930A
"1,211",Intel UHD 630
"1,209",Intel Iris Pro P6300
"1,206",FirePro 3D V8700
"1,206",GeForce GTX 280
"1,197",Radeon 530
"1,191",Radeon HD 7750M
"1,186",Radeon R7 A12-9800E RADEON
"1,180",GeForce GT 745A
"1,176",Intel Iris Pro 5200
"1,170",Radeon R7 A10-9700 RADEON
"1,166",FirePro 3D V4800
"1,165",FireStream 9250
"1,165",GeForce GPU
"1,161",Barco MXRT 5400
"1,160",Radeon R7 PRO A12-8870E
"1,158",Intel Coffee Lake UHD
"1,158",Radeon R7 A10-7890K
"1,148",Radeon R7 PRO A10-8770E
"1,143",Radeon R7 PRO A10-9700E
"1,143",GeForce 845M
"1,140",Radeon HD 8850M / R9 M265X
"1,136",GeForce GTX 260
"1,132",Radeon HD 4850 X2
"1,131",Radeon HD 7560D + 6670 Dual
"1,126",Radeon R7 M460
"1,124",RadeonT R5 430
"1,123",Radeon R7 A10-7870K
"1,122",Intel HD 630
"1,116",Radeon HD 7670
"1,116",Radeon R7 M260X
"1,115",Radeon R9 M275
"1,114",FirePro M4150
"1,111",Quadro FX 5800
"1,108",Radeon R7 A10-8850
"1,105",Radeon R7 A10-9700E RADEON
"1,105",Radeon Vega 3
"1,104",Radeon Vega 3 Mobile
"1,100",Radeon HD 7660D + 6570 Dual
"1,089",GeForce 920MX
"1,087",FirePro M4170
"1,087",Quadro M500M
"1,086",Radeon HD 5670
"1,081",Quadro K2000M
"1,081",MIRRORV3
"1,073",Radeon R7 A8-9600 RADEON
"1,067",Radeon R7 M445
"1,067",Radeon R7 PRO A10-9700B
"1,066",Radeon 535DX
"1,064",Radeon HD 8750M
"1,063",Intel HD P530
"1,062",Radeon HD 7660D + 7670 Dual
"1,061",Radeon HD 6670
"1,061",Radeon HD 7520G + 7700M Dual
"1,059",Firepro M4100
"1,056",Intel UHD Graphics 620
"1,055",GeForce GT 445M
"1,053",GeForce GTX 295
"1,050",Radeon HD 7670A
"1,049",Radeon R7 PRO A8-9600
"1,049",Radeon R7 Opteron X3421
"1,047",Radeon R7 340
"1,045",Radeon R7 + R7 240 Dual
"1,043",Radeon R5 340
"1,036",Quadro 2000M
"1,035",Radeon HD 4770
"1,035",Quadro K1100M
"1,033",Radeon HD 8570D + HD 8570 Dual
"1,031",Radeon R5 430
"1,031",GeForce 940A
"1,030",Radeon HD 8600/8700M
"1,029",Radeon HD7570
"1,028",Radeon R7 + R5 330 Dual
"1,028",Radeon R7 A8-7500
"1,028",Radeon HD 8730M
"1,023",Radeon HD 4850
"1,020",Radeon HD 8670D + R7 240 Dual
"1,020",Radeon R7 A10-7850K
"1,019","Radeon R5 A6-9500 RADEON R5, 8 COMPUTE CORES 2C+6G"
"1,017",Radeon HD 6700M
"1,015",Radeon R7 PRO A12-9800E
"1,014","Radeon R5 PRO A6-8570 R5, 8 COMPUTE CORES 2C+6G"
"1,009",Radeon HD 7690M XT
"1,005",GeForce 830A
"1,003",Quadro FX 4800
"1,002",Radeon HD 7730M
"1,001",Radeon HD 7690M
999,Radeon HD 8570D + R7 200 Dual
999,Radeon HD 7660G + HD 7500M/7600M Dual
999,Intel HD 530
997,GeForce 940M
997,Radeon HD 7640G + HD 8750M Dual
993,Barco MXRT 5450
992,Radeon R7 A10-8750
989,Radeon R7 A10-7860K
987,Radeon R7 A265
987,Radeon HD 6800M
984,Radeon HD 8690M
983,Radeon HD 7560D + 7560D Dual
983,Radeon HD 8570
981,Radeon HD 7570
979,Intel Iris 6100
978,GeForce GT 745M
977,Radeon R7 240
973,Radeon E6760
973,Radeon HD 8850M
967,Radeon HD 7660G N HD 7660G + HD 7700M N HD 7700M D
965,Radeon R7 M440
964,Radeon HD 6770M
964,GeForce GT 640M
964,Radeon HD 8570D + R7 240 Dual
962,Radeon R7 A10 PRO-7850B
961,NVS 810
958,Radeon HD 5600/5700
954,Radeon R7 PRO A10-8750B
953,GeForce 930M
950,Radeon HD 8670D + R7 200 Dual
949,Radeon HD 4830
947,Quadro CX
945,Radeon R7 PRO A10-8850B
942,Radeon HD 7660D + R7 240 Dual
937,Radeon HD 6750M
931,Radeon HD 7660G + 7730M Dual
930,Radeon R7 240 + HD 8670D Dual
930,Radeon R7 A12-9720P RADEON
930,Intel HD Graphics 620
929,Radeon R7 PRO A12-8830B
926,Radeon R7 A8-7600
922,GeForce 840M
921,GeForce GT 730
919,GeForce 920A
919,Quadro K620M
918,Radeon R7 240 + HD 8570D Dual
916,Radeon HD 8650G
914,GeForce GT 635
912,GRID K220Q
911,Radeon R7 A8-8650
907,"Radeon R5 PRO A6-9500 R5, 8 COMPUTE CORES 2C+6G"
905,Radeon R7 M365X
903,GeForce GT 645M
903,FirePro W2100
901,GeForce 830M
898,GeForce 9800 GTX+
897,Radeon R7 A10-7700K
893,GeForce GT 555M
888,Radeon R7 A10-7800
886,Radeon R7 + R5 435 Dual A10-9700 RADEON
884,Radeon HD 8650G + 7670M Dual
882,Radeon HD 7660G + HD 7730M Dual
881,GRID K1
879,GeForce 9800 GTX/9800 GTX+
878,GeForce 840A
877,"Radeon R5 PRO A6-9500E R5, 6 COMPUTE CORES 2C+4G"
876,GeForce GTS 250
874,Radeon HD 3870 X2
872,FirePro V3900
868,Radeon HD 8570D + HD 6570 Dual
867,Mobility Radeon HD 4850
866,Radeon R7 FX-8800P
865,Radeon R7 A8-7650K
862,Radeon R7 A12-9730P RADEON
859,Radeon HD 8500M/8700M
855,Radeon R7 A8-7680
855,Radeon HD 8550G + HD 7600M Dual
853,"Radeon R7 A8-7500 Radeon R7, 10 Compute Cores 4C+6"
853,Radeon R7 A8-7670K
850,Radeon 520
845,"Radeon R5 PRO A8-9600B R5, 10 COMPUTE CORES 4C+6G"
843,GeForce GT 440
839,Quadro FX 3800
839,"Radeon R5 PRO A6-8570E R5, 6 COMPUTE CORES 2C+4G"
839,GeForce GT 730M
839,Intel HD 520
837,Radeon HD 8670D + R5 235 Dual
835,Radeon R7 FX-9800P RADEON
834,GeForce 8800 GTS 512
833,Radeon HD 7560D + 6570 Dual
832,Radeon HD 8650G + 8600/8700M Dual
832,Radeon HD 7660G + 7600M Dual
830,Quadro K420
830,Intel HD 5200
830,Intel HD 6000
825,Radeon R7 M265
825,Quadro K600
824,Radeon HD 7640G N HD 7640G + HD 7600M N HD 7600M D
823,Radeon R7 PRO A8-8650B
820,Radeon HD 8650G + HD 7600M Dual
819,Radeon HD 8550G + HD 8750M Dual
819,"Radeon R5 PRO A10-8730B R5, 10 COMPUTE CORES 4C+6G"
818,GeForce GTS 240
813,Radeon HD 8550G + HD 8600/8700M Dual
813,Radeon HD 7670M
808,GeForce 730A
807,"Radeon R5 A10-9600P RADEON R5, 10 COMPUTE CORES 4C"
803,Quadro FX 3800M
803,GeForce GTX 850A
803,Radeon HD 8550G + 8600/8700M Dual
802,Radeon R8 M445DX
798,Radeon HD 7660G
798,GeForce 9800 GX2
796,Radeon HD 8550G + 8750M Dual
795,Quadro K1000M
794,Radeon HD 7650A
793,Radeon HD 3850 X2
792,Radeon R7 PRO A12-9800B
790,Radeon R7 A10 Extreme Edition
788,NVS 5400M
787,GeForce GT 740M
787,Radeon HD 8650G + 8750M Dual
787,Intel UHD 615
786,GeForce GT 640M LE
782,Radeon HD 8670D
781,"Radeon R7 PRO A6-9500 R5, 8 COMPUTE CORES 2C+6G"
780,Radeon HD 7660D
779,Intel UHD 610
779,Radeon HD 8650G + HD 8750M Dual
778,GRID K180Q
777,"Radeon R5 A10-9620P RADEON R5, 10 COMPUTE CORES 4C"
775,Radeon HD 7660G + HD 7600M Dual
775,GeForce GT 340
774,Radeon R7 M270
773,Radeon HD 7600M + 7600M Dual
773,Radeon HD 8650G N HD 8650G + HD 8570M Dual
773,Mobility Radeon HD 5000
769,Radeon HD 4810
769,GeForce 9800 GTX
769,GeForce 8800 Ultra
765,Quadro K610M
765,NVS 510
764,Radeon HD 8650G + HD 8600/8700M Dual
763,Mobility Radeon HD 5850
763,GeForce 8800 GTX
762,Radeon R7 M340
760,Radeon HD 6570
759,GeForce 825M
759,Radeon R5 M255
757,Radeon R5 420
757,Radeon HD 7660G + 7700M Dual
757,GeForce GTS 360M
755,Quadro 1100M
753,Radeon HD 8570D + HD 7000 Dual
752,Quadro 1000M
752,Radeon HD 7660G + HD 7700M Dual
750,Radeon M535DX
748,GeForce 8800 GT
748,Radeon R9 M385X
748,GeForce GT 140
747,Intel Iris 5100
747,Radeon R7 A12-9700P RADEON
747,GeForce GT 630
746,Radeon HD 7660G + 7610M Dual
745,GeForce GT 530
744,Radeon R7 PRO A12-8800B
744,Radeon R5 235 + HD 7560D Dual
743,Radeon HD 7660G + 7670M Dual
743,GeForce GT 730A
742,Radeon HD 8650G + 7600M Dual
741,Radeon 6600M
738,Radeon HD 7670M + 7670M Dual
738,Intel HD 615
737,GeForce 920M
735,GeForce GTX 285M
729,GeForce 9600 GT
728,Radeon HD 7550M/7650M
728,GRID K140Q
727,Radeon R7 A8 PRO-7600B
725,GeForce 720A
724,Radeon HD 7650M
723,Radeon HD 7660G N HD 7660G + HD 7600M N HD 7600M D
723,Radeon HD 8650G + R5 M200 Dual
720,Mobility Radeon HD 4870
720,Radeon HD 7540D + 6570 Dual
719,GeForce GT 550M
719,Radeon HD 8550G
719,Radeon HD 6650M
719,Radeon HD 8670D + HD 7000 Dual
718,Mobility Radeon HD 5570
718,Radeon HD 3870
717,Radeon HD 8470D + 6450 Dual
717,Intel HD 610
717,Radeon R7 M360
717,GeForce GT 720
716,Radeon HD 8650G + HD 8570M Dual
714,Radeon HD 5570
713,Intel HD 4600
711,Radeon HD 7660G + HD 8670M Dual
710,GeForce GT 820M
708,GeForce 9800 GT
708,Radeon HD 6550A
707,Radeon HD 7660G + HD 7670M Dual
706,Radeon HD 7640G + 7600M Dual
705,Radeon HD 7660G N HD 7660G + HD 7670M Dual
704,Radeon HD 7640G + HD 7600M Dual
701,GRID K160Q
700,GeForce 820A
699,TRINITY DEVASTATOR MOBILE
699,Radeon HD 7570M/HD 7670M
698,Quadro 600
698,GeForce GT 635M
697,Radeon HD 7640G + HD 8570M Dual
693,"Radeon R5 PRO A6-9500B R5, 6 COMPUTE CORES 2C+4G"
693,Radeon R7 A10 PRO-7800B
691,Radeon HD 7640G + 7700M Dual
690,GeForce GT 710
690,GeForce GT 630M
690,"Radeon R5 PRO A6-8530B R5, 6 COMPUTE CORES 2C+4G"
689,Radeon HD 7640G + 8600/8700M Dual
686,Radeon HD 8650G + R5 M230 Dual
685,Radeon HD 8550D
685,Radeon HD 6630M
683,Radeon R6 A10-8700P
681,Quadro FX 5600
681,GRID P40-3Q
681,Radeon R7 M260
680,Radeon HD 8570D
680,Radeon HD 8650G N HD 8650G + HD 8600M N HD 8600M D
680,Radeon HD 7640G N HD 7640G + HD 7670M Dual
679,GeForce GTS 160M
678,Mobility Radeon HD 5730
676,Radeon HD 8610G + R5 M200 Dual
676,GeForce GT 735M
673,Quadro 500M
671,Intel HD P4600/P4700
668,Radeon HD 8550G + R5 M230 Dual
668,GeForce GT 435M
666,Radeon HD 7640G + HD 8500M N HD 8500M Dual
665,Quadro FX 4700 X2
665,FirePro M7740
665,NVS 5200M
664,Radeon HD 8550G + 8690M Dual
663,Intel HD 5600
662,Radeon HD 7560D
661,GeForce GT 430
660,FireGL V7700
660,GeForce GT 720A
660,Radeon HD 7640G + HD 7670M Dual
660,Radeon HD 2900 XT
658,Quadro FX 2800M
655,Radeon R5 M430
655,Radeon HD 7640G + 8750M Dual
654,Radeon HD 8650G + 8570M Dual
651,Quadro K510M
651,Radeon HD 7520G + HD 8750M Dual
650,SUMO 9640
649,GeForce GT 240
649,GeForce GT 540M
649,Radeon HD 8690A
648,Radeon R5 240
647,Radeon HD 6670 + 6670 Dual
646,Intel HD 515
646,Radeon HD 8610G + HD 8500M Dual
645,GeForce 9800M GTS
645,Radeon HD 7640G + 7670M Dual
644,Radeon HD 6550D
643,Radeon R6
638,GeForce 810A
637,Radeon HD 7640G + 7400M Dual
637,Radeon HD 8450G + 8750M Dual
636,GeForce 9800 S
635,Matrox C420 LP PCIe x16
634,Radeon HD 8650G + HD 7670M Dual
634,Radeon HD 8650G + 8670M Dual
634,Radeon HD 7660D + HD 7000 Dual
634,Quadro FX 3700M
632,Radeon HD 7610M
631,Radeon HD 7660G + 7470M Dual
630,Radeon R7 M260DX
629,Quadro FX 3700
628,Radeon HD 2900 PRO
627,Radeon HD 7640G + 7500/7600 Dual
627,Radeon HD 8650G + 8500M Dual
626,GeForce GT 425M
624,Radeon HD 7520G + HD 8600/8700M Dual
621,Intel HD 510
621,Radeon HD 7640G + HD 7400M Dual
621,FirePro M2000
621,GeForce GTX 280M
620,Radeon HD 8570 + 8670D Dual
619,Radeon HD 8550G + R5 M200 Dual
619,GeForce 820M
618,Radeon HD 8550G + 8600M Dual
617,Radeon HD 7500G + 7500M/7600M Dual
616,FireGL V7600
614,Radeon HD 7640G
613,Radeon HD 8650G + 8600M Dual
613,Radeon HD 7570M
610,7900 MOD - Radeon HD 6520G
610,Radeon HD 8610G + 8500M Dual
610,Radeon R5 M315
607,Radeon HD 7640G + HD 8500M Dual
606,GeForce 8800 GTS
605,Intel HD P4600
603,Radeon R5 M435
603,Radeon HD 8550G + 8500M Dual
601,Radeon HD 8650G + HD 8600M Dual
601,Quadro FX 4600
601,Intel HD 5000
600,GeForce GT 525M
600,Radeon HD 8610G + 8670M Dual
599,Radeon HD 7520G + HD 7600M Dual
599,Radeon HD 7640G + 7470M Dual
596,Radeon HD 8510G + 8500M Dual
595,Radeon R5 M330
594,Radeon HD 8550G + HD 8600M Dual
593,Intel HD 5500
591,Radeon HD 7520G + 7600M Dual
589,Radeon HD 7640G + HD 7700M Dual
589,GeForce GTX 260M
589,Radeon HD 8610G + 8600M Dual
588,Radeon HD 7520G + 7610M Dual
588,Radeon HD 7660G + 7400M Dual
588,"Radeon R6 PRO A10-8700B R6, 10 Compute Cores 4C+6G"
588,Radeon HD 7660G + 8670M Dual
587,Radeon HD 7640G + HD 8600/8700M Dual
586,Radeon HD 7640G + 8500M Dual
585,Radeon HD 8650G + HD 8670M Dual
584,"Radeon R6 PRO A8-8600B R6, 10 Compute Cores 4C+6G"
584,Radeon HD 8610G + HD 8600M Dual
580,Quadro FX 1800
579,Radeon HD 8550G + 8670M Dual
578,Radeon HD 8610G + HD 8670M Dual
577,Radeon HD 7620G + 8670M Dual
577,Intel Skylake HD DT GT2
575,Radeon HD 8450G + HD 8670M Dual
574,GeForce GT 620M
571,Radeon R5 330
571,GeForce 710M
571,Radeon R6 + R7 M265DX Dual
569,Intel HD 4400
567,GeForce GTS 250M
565,Radeon HD 6610M
565,Radeon R5 M230
564,Mobility Radeon HD 3870 X2
563,Radeon HD 7560D + R5 235 Dual
563,GeForce GT 720M
561,GeForce 800M
558,Radeon HD 7640G + 8670M Dual
558,Radeon HD 7640G + 8570M Dual
557,Radeon HD 6620G
557,Radeon R5 M240
556,GeForce GTS 350M
556,GeForce GT 330
555,Radeon HD 7600G + HD 7500M/7600M Dual
554,GF117
554,Mobility Radeon HD 5650
553,GeForce GT 710M
552,GeForce GT 320
551,Radeon HD 8500M
550,FireGL V8650
550,Radeon HD 8610G
549,GeForce 615
548,Radeon HD 7520G + HD 7670M Dual
548,Radeon R5 M335
548,Radeon HD 8650D
548,Radeon HD 5550
548,Mobility Radeon HD 3870
547,GeForce 9800M GS
547,FirePro 3D V5700
547,Radeon HD 7640G + R5 M200 Dual
546,Radeon R5 M420
546,Radeon HD 8550G + HD 8670M Dual
546,GeForce 8800 GS
545,Radeon HD 8450G + 8600M Dual
545,Radeon HD 4670
545,Radeon HD 7520G + HD 7400M Dual
544,Radeon HD 7600G + HD 8670M Dual
544,GeForce GT 420M
542,GeForce 8800M GTX
540,FirePro 3D V7750
534,Radeon HD 7560D + HD 7000 Dual
534,Radeon HD 8570M
533,Radeon HD 8550G + 8570M Dual
532,GeForce 710A
532,RADEON HD6530D
531,GeForce GT625M
531,FirePro V3800
529,Quadro FX 2700M
529,Radeon HD 8550G + HD 8570M Dual
529,Radeon HD 3850
527,Radeon HD 7640G + 6400M Dual
523,Radeon HD 7520G + 7670M Dual
522,Radeon HD 8470D
520,Radeon HD 8670M
519,Radeon R8 M365DX
517,GeForce 9800M GTX
517,IncrediblE HD 4000
516,GeForce 9600 GSO
516,Intel HD P4000
515,Radeon HD 6530D
512,Mobility Radeon HD 4830
511,Radeon HD 7540D
510,Radeon HD 7640G + 7610M Dual
509,Radeon HD 7600G + HD 7550M Dual
509,Radeon HD 7620G + 8600M Dual
507,Radeon HD 7620G + HD 8670M Dual
505,Radeon HD 8510G
503,GeForce 9600 GSO 512
502,GeForce GT 335M
502,Radeon R6 A8-8600P
500,GeForce GT 625M
499,Radeon HD8530M
498,TRINITY SCRAPPER MOBILE
498,SUMO 964A
497,Radeon HD 7500G + 7550M Dual
496,ASUS EAH4870x2
496,GeForce 910M
494,Radeon R5 M320
487,Radeon HD 7520G + 7400M Dual
486,Radeon HD 6520G
486,Radeon HD 7620G
484,Radeon HD 8450G + HD 8750M Dual
484,GeForce 810M
479,Radeon HD 7600G
479,Mobility Radeon HD 5000 Serisi
479,GeForce 9700M GTS
478,Quadro FX 1800M
475,GeForce 9800M GT
475,Radeon HD 8450G + 8670M Dual
474,GeForce 8800M GTS
473,GeForce GT 420
472,FirePro 3D V3800
471,GeForce GT 230
470,Radeon HD 7600G + 8500M/8700M Dual
468,Quadro FX 3600M
465,Radeon HD 7660D + 7470 Dual
465,Radeon HD 7550M
465,FirePro V5700
463,Mobility Radeon HD 4670
456,Intel HD 4000
456,GeForce GT 130
456,GeForce 705M
454,Radeon HD 3850 AGP
453,Radeon HD 7520G + 7650M Dual
452,Radeon HD 8450G + HD 8600M Dual
452,Radeon HD 7520G
446,Radeon HD 7660G + 8600M Dual
445,GeForce 9600 GS
443,Radeon HD 8350G
443,Radeon HD 7620G + HD 8600M Dual
442,Radeon HD 7600G + HD Dual
439,Intel HD Family
439,Radeon R5 Opteron X3216
439,GeForce GT 625
435,Radeon HD 8410G
435,Radeon HD 8370D
430,GeForce GT 620
429,Radeon HD 7480D
429,Radeon HD 7420G
428,GeForce 800A
423,Radeon HD 7600G + 7550M Dual
423,RADEON HD6410D
422,GeForce GT 705
420,Intel 4th Generation Haswell HD
413,Radeon HD 8450G
412,Radeon HD 7500G
410,Intel UHD 605
410,Mobile Intel HD
408,Radeon HD 7470M
406,Radeon HD 6480G
406,GeForce GT 520MX
406,Radeon HD 7600G + 7500M/7600M Dual
405,RADEON E4690
405,GeForce 610M
403,Quadro 410
401,Mobility Radeon HD 4650
401,Intel HD 5300
398,Radeon R4
390,Radeon HD 7600G + 7450M Dual
386,Radeon HD 6410D
384,GeForce GT 520M
380,Radeon HD 6490M
378,Radeon HD 8490
375,VirtualBox Adapter for Windows 8+
374,PHDGD Ivy 4
370,Radeon R5 235
370,Radeon R3
368,Radeon R5 235X
366,GeForce GT 520
366,Mobility Radeon HD 3850
365,NVS 4200M
365,Radeon HD8490
362,Intel UHD 600
362,Radeon HD 7470
362,GeForce GT 330M
356,NVS 5100M
356,Radeon HD 8400
356,Radeon HD 7500G + HD 7500M/7600M Dual
355,Quadro FX 880M
353,Mobility Radeon HD 565v
353,GeForce 410M
351,GeForce GT 240M
351,Radeon HD 7580D
351,GeForce GT 610
350,GeForce GT 220
348,NVS 315
347,Intel HD P3000
344,Radeon HD 8470
341,FirePro 3D V3750
341,FireGL V5600
339,Radeon HD 8400E
339,Radeon R5E
337,Radeon R5 310
335,Radeon HD 8330
334,Radeon HD 4650
332,GeForce GT 230M
330,Radeon HD 7450M
323,Radeon HD 7400G
322,Radeon HD 8330E
322,GeForce 605
320,RADEON HD6370D
319,Radeon HD 8280
318,GeForce GT 415M
318,Mobility Radeon HD 560v
318,Radeon HD 8280E
318,GeForce 9700M GT
316,Radeon R1E
314,Intel HD 3000
313,Radeon HD 6470M
311,Radeon HD 7520G + 8600/8700M Dual
311,GeForce 510
309,Radeon HD 7450
307,Radeon HD 6370D
306,Quadro FX 3500M
306,GeForce 7900 GTX
302,Radeon R2
301,Quadro FX 1700M
300,Radeon HD 6380G
298,GRID K120Q
298,GeForce GT 130M
298,Quadro FX 770M
295,NVS 310
293,GeForce 9600M GT / GeForce GT 220M
293,GeForce GT 325M
292,Radeon HD 2900 GT
288,Radeon HD 7450A
287,GeForce GT 120
285,GeForce 8600 GTS
284,Mobility Radeon HD 5165
283,Radeon HD 2600 XT
279,Radeon HD 7350
278,Radeon HD 8240
277,GeForce 9500 GS
277,Radeon HD 6450
276,Radeon HD 6370M
272,GeForce 9500 GT
272,GeForce 320M
270,GeForce 9650M GS
270,Radeon HD 8280G
269,Quadro FX 580
268,Radeon HD 5470
268,GeForce GT 120M
266,Mobility Radeon HD 550v
265,Radeon HD 8350
265,EAH6450
264,GeForce 7950 GT
264,GeForce Go 7950 GTX
262,Wine Display Adapter
260,Radeon HD 6450A
260,GeForce 9600M GT
258,GeForce 7900 GT
258,GeForce GT 220M
257,Radeon HD 8250
257,Radeon R3E
256,Radeon HD 6300M
255,GeForce 9650M GT
251,Radeon HD 8210
249,GeForce 315
247,GeForce 7900 GT/GTO
247,Radeon R5 230
242,Radeon R2E
241,GeForce 8600 GT
241,Radeon HD 3670
241,Quadro FX 5500
237,Quadro 400
236,Mobility Radeon HD 5470
236,Radeon HD 4550
235,KB 2C
233,Radeon R5 220
232,Mobility Radeon HD 3670
232,Radeon HD 5450
231,GeForce 9600M GS
227,FirePro 2270
224,GeForce 7800 GTX
222,Radeon HD 7340M
221,HD6450
220,A6 Micro-6500T Quad-Core APU with RadeonR4
219,Mobility FireGL V5725
218,GeForce 7900 GS
217,Quadro FX 2500M
216,Radeon HD 6320 Graphic
216,FirePro 2460
215,Mobility Radeon. HD 5470
214,Mobility Radeon HD 5450
214,Quadro FX 1600M
212,GeForce 405
212,Radeon HD 6230
212,RADEON HD 6350
211,Radeon HD 2600 PRO
210,Mobility Radeon HD 3650
210,GeForce 310M
210,GeForce Go 7800 GTX
209,GeForce 315M
208,Quadro FX 3500
208,Radeon HD 7340
208,Radeon HD 4650 AGP
207,GeForce 8700M GT
207,Quadro FX 4500
206,Quadro NVS 320M
205,GeForce GT 320M
205,Intel 2nd Generation SandyBridge HD 3000
203,NVS 3100M
203,GeForce 310
202,Radeon HD 6320
201,Quadro FX 380M
200,Mobility Radeon HD 545v
199,GeForce G210M
198,Radeon HD 6320M
197,GeForce 7950 GX2
196,Mobility Radeon HD 4570
196,Radeon HD 7340G
196,GeForce 7800 GT
195,Radeon HD 8180
194,Intel Infoshock HD
193,Quadro FX 1700
193,Radeon HD 6430M
192,Mobility Radeon HD 2600 XT
191,Mobility Radeon HD 4550
191,GeForce 505
191,GeForce 305M
190,Quadro FX 380 LP
188,Mobility Radeon HD 540v
187,GeForce 9400 GT
186,Quadro FX 570M
185,NVS 2100M
183,NVS 300
182,GeForce 7600 GT
181,Mobility Radeon HD 5430
181,Radeon HD 7310G
180,FireGL V3600
180,GeForce 9500M GS
179,GeForce G105M
179,FirePro 3D V3700
177,GeForce 7800 GS
176,GeForce Go 7900 GS
175,Mobility Radeon HD 530v
172,GeForce 210
171,Radeon HD 7310
171,Quadro FX 1500M
170,Radeon HD 6310
170,GeForce G210
169,GeForce 8600M GT
168,Mobility Radeon HD 2600
167,Radeon HD 4350
167,GeForce 9500M G
166,Radeon HD 7310M
165,Intel HD manual-gen9_2015-133271
165,GeForce Go 7600 GT
159,Radeon HD 4330
156,Quadro FX 1500
156,Radeon HD 4300/4500 Serisi
151,Radeon X1950 CrossFire Edition
150,Radeon HD 3650 AGP
149,Quadro FX 3450
149,Quadro FX 380
148,Mobility Radeon HD 4350
148,GeForce Go 7700
146,Radeon X1900 GT
143,Radeon HD 3470
142,GeForce 6800 GT
142,GeForce 8600 GS
141,Radeon HD 4290
141,Radeon X1800 GTO
140,Radeon HD 6290M
140,nForce 760i SLI
140,Radeon HD 7290
140,GeForce 9400
139,Intel Haswell HD - GT2
139,GeForce 6800 Ultra
138,Radeon HD 6290
138,GeForce Go 6800 Ultra
137,Radeon X1900 CrossFire Edition
137,GeForce 6800 GS
137,GeForce 8500 GT
135,Mobility Radeon HD 4330
135,Mobility Radeon X1900
135,GeForce 7600 GS
134,Quadro FX 3450/4000 SDI
134,GeForce 7650 GS
132,GeForce G200
130,MOBILITY RADEON X1800
130,GeForce 9300 / nForce 730i
128,FireGL V7300
128,GeForce Go 7600
127,All-in-Wonder X1900
127,GeForce 9300
127,Radeon HD 3300
126,GeForce 205
124,GeForce 9400M G
123,GeForce 8600M GS
123,Radeon HD 7290M
123,Radeon HD 4250
121,Radeon HD 2400
120,Radeon HD 6250
119,Radeon HD 2400 XT
119,Intel Haswell HD - GT1
119,RV530 PRO
118,GeForce 9400M
118,Radeon HD 3450
117,FireMV 2260
117,Mobile Intel 45 Express-Chipsatzfamilie
117,PHDGD Quantic C3
117,Radeon X1700 Targa Edition
116,Intel Media Accelerator HD
116,Radeon X1600 XT
116,Quadro FX 570
115,FireGL V5200
114,Radeon HD 2400 Pro
114,FireGL V7200
114,Quadro FX 560
113,FirePro 2260
113,Radeon X1950 Pro
113,GeForce 8400 GS
113,Sapphire RADEON X800 GT
113,GeForce 6800
113,GeForce G 105M
112,Intel HD Modded
112,Radeon HD 4200
112,GeForce Go 7800
111,Radeon HD 4270
111,FireGL V7350
111,GeForce 999 GTX
110,Radeon HD 2600 Pro AGP
110,XFX Radeon HD 4650 AGP
110,GeForce 6800 LE
110,VIA/S3G Chrome 645/640 GPU
108,GeForce 7300 GT
108,Quadro FX 370 LP
107,Radeon Infoshock 3000
106,Radeon X1950 GT
106,GeForce Go 6800
106,GeForce9400M
105,GeForce G 103M
105,Mobility Radeon X1700
104,Quadro FX 3400/4400
104,M880G with Mobility Radeon HD 4250
104,GeForce 9500M
104,Quadro FX 1400
103,FireGL V3400
103,GeForce 6800 GS/XT
102,Mobility Radeon HD 2400 XT
102,Quadro FX Go1400
102,GeForce 6600 GT
101,GeForce 6800 XT
101,GeForce 9300 GE
101,GeForce 8400
100,GeForce G100
99,Radeon X1600 Pro
99,Quadro NVS 420
98,Mobility Radeon HD 3430
98,Mobility Radeon HD 4250
98,Radeon 3000
98,GeForce 8400M GT
98,GeForce 6700 XL
98,ION
98,ION LE
98,GeForce 9300GE
98,RADEON X800 XT
97,Quadro NVS 295
97,Mobility Radeon HD serie 4200
95,MEDION RADEON X740XL
94,GeForce 9300M GS
94,GeForce G102M
94,Mobility Radeon HD 3470 Hybrid X2
93,Mobility Radeon HD 3470
93,Quadro FX 370M
93,Mobility Radeon HD 4270
93,M880G with Mobility Radeon HD 4200
93,FireGL V5100
93,Quadro NVS 150M
92,Mobility Radeon X1600
92,nForce 780a SLI
92,Quadro NVS 160M
92,RADEON X600XT
92,GeForce 9300 GS
92,GeForce G205M
92,Quadro NVS 450
92,GeForce 8300
91,Mobility Radeon HD 3450
91,Quadro NVS 290
91,Mobility Radeon HD 4200
90,Quadro NVS 140M
90,Mobility Radeon HD 2400
89,GeForce 6610 XL
87,Quadro FX 360M
86,Quadro FX 350
85,GeForce 9300M G
85,Radeon X1300 PRO
85,FireGL V3200
85,Radeon X1650 Pro
85,GeForce 9200M GS
84,ALL-IN-WONDER X800 GT
84,RADEON X800 GT
84,Quadro FX 370
84,nForce 750a SLI
82,Radeon HD 3200
82,GeForce 9100
82,RADEON X850 XT Platinum Edition
82,GeForce 8400M GS
82,Mobility Radeon X2500
82,MOBILITY FireGL V5000
82,nForce 980a/780a SLI
82,GeForce 8100 / nForce 720a
81,GeForce 9200M GE
81,Mobility Radeon 4100
81,RADEON X850 XT
81,Quadro FX 540
81,GeForce 9200
80,GeForce 8200
80,RADEON X800GT
77,RADEON X800 GTO
77,Radeon HD 2350
76,RADEON X700 PRO
76,M860G with Mobility Radeon 4100
75,GeForce 9100M G
75,Radeon X1650 GTO
74,GeForce 7350 LE
73,Radeon 3100
73,RADEON X800 PRO/GTO
73,RADEON X850 PRO
73,RADEON X700
72,Intel G41 Express Chipset v2
72,M880G with Mobility Radeon HD 4225
71,RADEON X700 SE
71,Radeon X1650 SE
71,Radeon X550XTX
71,FireGL V3300
70,Intel G45/G43 Express Chipset
69,GeForce Go 6600
69,RADEON X800 XL
69,Radeon X1600 Pro / X1300XT
69,GeForce 7500 LE
69,Quadro FX 3000
69,FireGL V3350
68,GeForce 8400 SE
68,Matrox G200eR WDDM 2.0
68,Matrox G200eR WDDM 1.2
67,256MB RADEON X600
67,MOBILITY RADEON X700
67,PHDGD Quebec 4.0 for Intel Q45/Q43 Express Chipset
67,GeForce 8300 GS
67,GeForce 7300 GS
67,Radeon X1550
67,Intel Q45/Q43 Express Chipset
66,Mobility Radeon HD 4225
66,128MB DDR Radeon 9800 Pro
65,RADEON X800 PRO
64,Quadro FX 550
64,Intel B43 Express Chipset
63,Intel G41 Express Chipset
63,Mobility Radeon HD 3410
63,GeForce 6600
63,GeForce Go 7400
62,Quadro FX 350M
62,MOBILITY FireGL V3200
61,SAPPHIRE Radeon X1550
60,Radeon 2100
60,Quadro NVS 130M
59,RADEON 9800 PRO
59,Matrox G200e WDDM 1.2
59,GeForce FX 5950 Ultra
59,FireGL X1
59,Intel G41 Express-Chipsatz
59,GeForce 8400M G
58,Radeon X1300
58,Intel Q45/Q43 Express-Chipsatz
58,Intel - Express Chipset Q45/Q43
57,Quadro NVS 135M
57,Chipset Intel G41 Express
57,Intel - Express Chipset G41
57,RADEON X600 256MB HyperMemory
57,GeForce 8200M G
56,RADEON X550XT
55,GeForce 7300 LE
54,RADEON 9700 PRO
54,RADEON 9800 XT
53,FireGL V3100
52,Matrox G200eh WDDM 1.2
51,GeForce FX Go5700
51,GeForce 6600 LE
51,FirePro 2450
51,RADEON X550
51,GeForce Go 7300
51,Mobility Radeon HD 2300
50,MOBILITY RADEON X600
50,Matrox G200eW WDDM 1.2
49,Radeon X1600
49,MOBILITY RADEON X600 SE
49,Radeon X1050
49,128MB RADEON X600 SE
49,Mobility Radeon X2300 HD
48,Mobility Radeon X2300
48,Quadro NVS 110M
48,Mobile Intel - famiglia Express Chipset serie 4
48,Radeon X1550 64-bit
47,SAPPHIRE RADEON 9600 ATLANTIS
47,Quadro NVS 120M
46,MOBILITY RADEON 9800
46,FireMV 2250
45,GeForce Go 7200
45,MOBILITY FireGL V5200
45,GeForce Go 6600 TE/6200 TE
45,Mobile Intel serie 4 Express
45,Mobile Intel 4 Express-Chipsatzfamilie
44,GeForce 6200
44,128 DDR Radeon 9700 TX w/TV-Out
44,GeForce 7100 GS
44,Mobile Intel 45 Express
43,Mobility Radeon X1400
43,RADEON 9600 PRO
43,Radeon Xpress 1250
42,Matrox G200eW
42,GeForce 7300 SE/7200 GS
42,RADEON 9500 PRO / 9700
41,GeForce FX 5900 Ultra
41,GeForce FX 5700
41,MOBILITY FIREGL T2
41,Matrox G200eh
40,GeForce FX 5900XT
40,Mobility Radeon X1350
40,S3 Chrome 430 ULP
39,Mobility Radeon X1300
39,MOBILITY RADEON 9600/9700
39,GIGABYTE RADEON 9600 PRO
39,GeForce 7300 SE
39,GeForce 6200 TurboCache
38,Quadro NVS 285 128MB
38,RADEON X300SE
38,Mobile Intel - famiglia Express Chipset 45
38,Quadro NVS 440
38,GeForce 6500
37,Radeon X1250
37,Matrox G200eR
36,RADEON 9500
36,FireMV 2200 PCIe
36,Quadro FX 1100
36,Radeon Xpress 1200
35,Quadro NVS 285
35,RADEON 9600 XT
35,GeForce PCX 5750
35,GeForce FX 5900
35,RADEON 9550
34,Quadro FX 1300
34,Quadro FX 1000
34,GeForce FX 5700 Ultra
34,Radeon Xpress 1100
34,MOBILITY RADEON X300
34,MOBILITY FIREGL T2/T2e
33,Mobility Radeon X1450
33,GeForce FX 5700VE
33,GeForce 7150 / nForce 630i
33,Intel Media Accelerator
33,Radeon X1200
32,Matrox M9138 LP PCIe x16
32,GeForce 6200 A-LE
32,Red Hat QXL controller
31,GeForce 7100 / nForce 630i
31,GeForce 7050 / nForce 620i
31,Radeon X1270
31,OpenXT Display Driver
31,FireGL T2-128
30,Intel G35 Express
30,Radeon Xpress 1150
30,RADEON XPRESS 200
29,GeForce 6200SE TurboCache
29,Radeon 9550 / X1050
28,GeForce 7050 / nForce 610i
27,MOBILITY RADEON 9700
27,MOBILITY FireGL V5250
27,RADEON 9600SE
27,GeForce 7050 / nForce 630i
27,MOBILITY RADEON XPRESS 200
27,GeForce 6200 LE
27,Radeon Xpress 1270
27,RADEON 9600 PRO Family
26,PHDGD Sapphire GR for Mobile Intel 965
25,GeForce 6100 nForce 420
25,GeForce 6100 nForce 400
25,GeForce 7025 / nForce 630a
25,RADEON 9600 Family
25,GeForce FX 5700LE
25,MOBILITY RADEON 9600 PRO TURBO
25,GeForce 6150SE
24,GeForce Go 6400
24,Mobile Intel 965 Express-Chipsatzfamilie
24,Quadro NVS 210S
24,RADEON 9800 SE
23,GeForce 6100 nForce 430
23,GeForce 6150SE nForce 430
23,Chell 1.8a for Mobile Intel 965
23,RADEON XPRESS 200M
22,GeForce 7050 PV / nForce 630a
22,GeForce 6100 nForce 405
22,GeForce 6150
22,Matrox M9140 LP PCIe x16
21,GeForce 6100
21,GeForce 6150 LE
21,Quadro NVS 210S / GeForce 6150LE
21,Mobile Intel 965 Express
20,PHDGD Solo 2 x64
18,S3 Chrome S25 DDR2
18,RADEON 9600 TX Family
18,Intel G965 Express
18,GeForce 7150M / nForce 630M
18,GeForce Go 6100
18,GeForce Go 6150
18,GeForce FX Go 5600
17,GeForce FX 5600 Ultra
17,GeForce FX Go5650
16,Chell 1.7b for Intel G33/G31
15,GeForce Go 6200
14,Quadro FX 500/600 PCI
14,Chell 1.7b Solo Edition
14,Radeon HD 2400 PCI
14,Chell 1.8b for Mobile Intel 965
13,GeForce 7000M
13,GeForce 7000M / nForce 610M
13,GeForce FX Go5300
12,GeForce FX 5200 Ultra
12,GeForce FX 5600
12,Intel G33/G31 Express
12,GeForce FX 5200SE
11,FireMV 2400 PCIe
11,RGH Drivers v3
11,PHDGD Solo 1.2.0 x86
11,Intel Q33 Express
11,VIA Chrome9 HD IGP
10,Intel Q35 Express
10,Matrox Millennium P690 PCIe x16
10,Matrox M9148 LP PCIe x16
9,Chell 1.7b for Intel 945G
9,GeForce FX 5600XT
8,GeForce FX Go 5200
8,GeForce FX 5500
8,MOBILITY RADEON 9000 IGP
8,Quadro FX 500/FX 600
8,GeForce FX 5200
7,Famille de jeu de puces Express Intel 946GZ
7,Intel US15 Embedded Media and Controller
7,GeForce4 Ti 4800 SE
7,GeForce4 Ti 4400
7,GeForce FX 5200LE
7,Intel Media Accelerator 600
7,Chell 1.7b for Mobile Intel 945
7,Matrox Millennium P690 Plus LP PCIe x16
7,Quadro4 380 XGL
7,GeForce4 MX Integrated GPU
7,Chell 1.8b for Intel G33/G31
6,Intel Q965/Q963 Express
6,Intel 946GZ Express
6,MOBILITY RADEON 7000 IGP
6,GeForce PCX 5300
6,RADEON 9100 Family
6,Quadro NVS 55/280 PCI
6,RADEON IGP 350M
6,GeForce4 440 Go 64M
6,VIA/S3G UniChromeII
6,GeForce4 460 Go --MobileForce M4 Stock--
6,Intel 82945G Express
6,Mobile Intel 945GM Express
6,Quadro 280 NVS PCIe
6,Intel 82915G Express
6,MOBILITY RADEON 9000/9100 IGP
6,Matrox Parhelia APVe
6,ALL-IN-WONDER RADEON 8500DV
6,GeForce4 448 Go
6,GeForce4 Ti 4600
5,RADEON 9100 IGP
5,GeForce4 Ti 4200
5,Matrox Millennium P650 PCIe 128
5,Mobile Intel 945GM/GU Express
5,GeForce4 420 Go 32M
5,Xabre
5,GeForce 256
5,SiS 760
5,Quadro4 980 XGL
5,ALL-IN-WONDER 9000
5,GeForce3
5,GeForce4 MX 420
5,GeForce4 MX 440 with AGP8X
5,VIA/S3G UniChrome Pro IGP
5,RADEON 7500 Family
5,Intel 82865G Controller
5,GeForce2 Ti
5,Chell 1.7b for Intel GMA 3150
5,Chell 1.8b for Intel Q965/Q963
5,GeForce4 MX 440SE
5,GeForce4 MX 440
5,Mobile Intel 945 Express
5,GeForce4 MX 4000
4,GeForce2 Integrated GPU
4,Mobile Intel 915GM/GMS/910GML Express
4,SiS 741
4,SiS 661FX_760_741_M661FX_M760_M741
4,VIA Chrome9 HC IGP
4,VIA/S3G UniChrome IGP
4,GeForce4 MX 460
4,SiS Mirage
4,MOBILITY/RADEON 9000
4,GeForce3 Ti 200
4,VIA/S3G KM400/KN400
4,SiS 661FX/GX Mirage
4,SiS M661MX
4,GeForce2 GTS/GeForce2 Pro
4,GeForce4 4200 Go
4,ABIT Siluro T400
4,VIA Chrome9 HC IGP Family
4,GeForce2 MX/MX 400
4,SiS M760GX
4,RADEON 7000 / RADEON VE Family
4,SiS 661FX
4,RIVA TNT2 Model 64/Model 64 Pro
4,Sherry 1.3.2 beta for 945 chipsets
4,GeForce4 440 Go
4,Intel 865 Embedded Controller
4,RADEON 9200
4,MOBILITY RADEON 7500
4,Radeon IGP 320M
4,RADEON 9000 Family
4,SiS 650_651_M650_M652_740
4,VIA Chrome9 HC IGP Family WDDM
3,Intel Media Accelerator 500
3,Chell 1.8b for Mobile Intel 945
3,RIVA TNT2/TNT2 Pro
3,GeForce4 420 Go
3,VIA/S3G DeltaChrome IGP
3,MOBILITY RADEON 9000
3,GeForce2 MX 100/200
3,Intel 946GZ Embedded Chipset Function 0
3,RADEON 7500
3,Rage Fury Pro/Xpert 2000 Pro
3,Intel 82915G/GV/910GL Express
3,Vanta/Vanta LT
3,MOBILITY RADEON 9200
3,Intel Media Accelerator 3150
3,MOBILITY RADEON 9100 IGP
3,Intel 82845G/GL/GE/PE/GV Controller
3,RADEON 9200 PRO Family
3,SiS 651
3,VIA Chrome9 HC IGP WDDM 1.1
3,VIA Chrome9 HC IGP WDDM
3,VIA Chrome9 HC IGP Prerelease WDDM 1.1
3,GeForce2 MX
3,RADEON IGP 345M
3,Intel 82845G/GL Controller
3,RADEON 9200 LE Family
3,RADEON 9250
3,RADEON 9200 SE
3,GeForce3 Ti 500
3,Radeon IGP 340M
2,Quadro NVS 280 SD
2,Intel 82845G Controller
2,SiS Mirage 3
2,Sherry 1.3 for GMA 3150
2,VIA Chrome9 HCM IGP
2,Chell 1.8b for Intel 945G
1,S3 ProSavageDDR
1,SiS 630/730
1,RAGE 128 PRO AGP 4X TMDS
1,Quadro2 Pro
